{
  "with_voxel": {
    "final_loss": 1.0407649278640747,
    "train_time_s": 158.2509741783142,
    "mse": 0.892985999584198,
    "inference_ms_mean": 15.993356704711914,
    "inference_ms_std": 1.6495261385128706,
    "num_evaluated": 10
  },
  "without_voxel": {
    "final_loss": 1.0460546898841858,
    "train_time_s": 134.35112023353577,
    "mse": 1.3125393748283387,
    "inference_ms_mean": 13.619494438171387,
    "inference_ms_std": 5.225136297759143,
    "num_evaluated": 10
  },
  "summary": {
    "delta_loss": 0.005289762020111111,
    "delta_mse": 0.4195533752441407,
    "voxel_helps": true
  }
}