{
  "with_voxel": {
    "final_loss": 0.99883445084095,
    "train_time_s": 339.45200204849243,
    "mse": 0.9766142691175143,
    "inference_ms_mean": 7.491052150726318,
    "inference_ms_std": 3.4088741044906774,
    "num_evaluated": 12
  },
  "without_voxel": {
    "final_loss": 1.0039633703231812,
    "train_time_s": 356.96983075141907,
    "mse": 0.9804847811659178,
    "inference_ms_mean": 15.625496705373129,
    "inference_ms_std": 0.680838372903503,
    "num_evaluated": 12
  },
  "summary": {
    "delta_loss": 0.0051289194822311535,
    "delta_mse": 0.003870512048403496,
    "voxel_helps": true
  }
}