{
  "with_voxel": {
    "final_loss": 1.008591015934944,
    "train_time_s": 282.9825351238251,
    "mse": 0.9281963594257832,
    "inference_ms_mean": 770.0672149658203,
    "inference_ms_std": 2027.2249577735686,
    "num_evaluated": 8
  },
  "without_voxel": {
    "final_loss": 1.0042085766792297,
    "train_time_s": 130.333242893219,
    "mse": 1.1513556875288486,
    "inference_ms_mean": 13.823598623275757,
    "inference_ms_std": 1.1472494543936917,
    "num_evaluated": 8
  },
  "summary": {
    "delta_loss": -0.004382439255714354,
    "delta_mse": 0.2231593281030655,
    "voxel_helps": true
  }
}